Bachar_EL-ASSAD Bachar_AL-ASSAD
Dominique_DE-VILLEPIN Dominique_DE_VILLEPIN
Marine_LE-PEN Marine_LE_PEN
Valerie_ROSSO_DEBORD Valerie_ROSSO-DEBORD
Jean-pierre_SUEUR Jean-Pierre_SUEUR
Nathalie_KOSCIUSKO_MORIZET Nathalie_KOSCIUSKO-MORIZET
Jean-luc_MELENCHON Jean-Luc_MELENCHON
Sylvie_PIERRE_BROSSOLETTE Sylvie_PIERRE-BROSSOLETTE
Jean-christophe_LAGARDE Jean-Christophe_LAGARDE
Jean-jacques_URVOAS Jean-Jacques_URVOAS
Valery_GISCARD_d'_ESTAING Valery_GISCARD_D_ESTAING
Jean-daniel_LEVY Jean-Daniel_LEVY
Jean_BAPTISTE_PREDALI Jean-Baptiste_PREDALI
Jean_CHRISTOPHE_CAMBADELIS Jean-Christophe_CAMBADELIS
Jean_CHRISTOPHE_LAGARDE Jean-Christophe_LAGARDE
Jean_CLAUDE_TRICHET Jean-Claude_TRICHET
Jean_FRANCOIS_COPE Jean-Francois_COPE
Jean_FRANCOIS_KAHN Jean-Francois_KAHN
Jean_FRANCOIS_MATTEI Jean-Francois_MATTEI
Jean_JACQUES_URVOAS Jean-Jacques_URVOAS
Jean_LOUIS_BORLOO Jean-Louis_BORLOO
Jean_MARC_AYRAULT Jean-Marc_AYRAULT
Jean_MARIE_LE_PEN Jean-Marie_LE_PEN
Jean_NOEL_GUERINI Jean-Noel_GUERINI
Jean_PIERRE_GRATIEN Jean-Pierre_GRATIEN
Jean_PIERRE_RAFFARIN Jean-Pierre_RAFFARIN
Jean_REMI_BAUDOT Jean-Remi_BAUDOT
Marie_GEORGE_BUFFET Marie-George_BUFFET
Marie_NOELLE_LIENEMANN Marie-Noelle_LIENEMANN
Juan_CARLOS Juan-Carlos_BFMTV_BFMStory_2011-06-02_175900
Pr_Bernard_CORTET Bernard_CORTET
CHRISTINE Christine_BFMTV_BFMStory_2011-09-07_175900
JEAN-MARC Jean-Marc_BFMTV_BFMStory_2011-09-07_175900
Marc_Van_MOERE Marc_VAN_MOERE
CHARB Stephane_CHARBONNIER
JAMEL Jamel_BFMTV_BFMStory_2011-11-28_175800
Aly_ELSAMMAN Aly_EL-SAMMAN
George_LAUTNER Georges_LAUTNER
Yusuf_ISLAM Cat_STEVENS
Francis_Ford_COPPOLA Francis-Ford_COPPOLA
MADONNA Madonna-Louise_CICCONE
SHAKIRA Shakira_RIPOLL
BJORK Bjork_GUOMUNDSDOTTIR
Jose_Manuel_BARROSO Jose-Manuel_BARROSO
Jose_Luis_ZAPATERO Jose-Luis_ZAPATERO
Michel_FOURGOUS Jean-Michel_FOURGOUS
WILLIAM William_BFMTV_BFMStory_2011-07-05_175900
LEA Lea_BFMTV_PlaneteShowbiz_2011-09-28_075000
PATRICK Patrick_LCP_CaVousRegarde_2011-05-10_204900
JEAN-BAPTISTE Jean-Baptiste_LCP_CaVousRegarde_2011-05-10_204900
ADRIEN Adrien_LCP_CaVousRegarde_2011-05-26_000400
CARL Carl_LCP_CaVousRegarde_2011-10-13_204600
STEPHANE Stephane_LCP_CaVousRegarde_2011-10-13_204600
JEAN-BAPTISTE Jean-Baptiste_LCP_CaVousRegarde_2011-10-17_202700
MAMADOU Mamadou_LCP_CaVousRegarde_2011-11-29_204700
ALEXANDRE Alexandre_LCP_CaVousRegarde_2011-11-29_204700
GAINSBOURG Serge_GAINSBOURG
JOHNNY Johnny_HALLYDAY
MARIE-ANTOINETTE Marie-Antoinette_D_AUTRICHE
BEYONCE Beyonce_KNOWLES
BENABAR Bruno_NICOLINI
NAGUI Nagui_FAM 
BAMBOU Caroline_PAULUS
ZAZIE Isabelle_DE_TRUCHIS_DE_VARENNES
ALBERT_DE_MONACO Albert-II_DE_MONACO
BEN_ALI Zine-El-Abidine_BEN_ALI
ADELE Adele-Laurie_BLUE_ADKINS
MAIWENN Maiwenn_LE_BESCO
WILL_I_AM William-James_ADAMS
DIOCLETIEN Gaius-Aurelius-Valerius_DIOCLETIEN
KADER Kader_BFMTV_BFMStory_2011-07-07_175900
SANSEVERINO Stephane_SANSEVERINO
Yvan_LE_BOLLOC'H Yvan_LE_BOLLOC_H
AMAL AMAL_BFMTV_BFMStory_2012-07-23_175800
KAMAL KAMAL_BFMTV_BFMStory_2012-07-23_175800
Gabriel_VERSINI Gabriel_VERSINI-BULLARA
IRMA Irma_PANY
BONO Paul_HEWSON
Mitch_WINEHOUSE Mitchell_WINEHOUSE
DAPHNE Daphne
JOEYSTARR Didier_MORVILLE
Djimon_HOUNSOU Djimoun_HOUNSOU
Laura_FLESSEL Laura_FLESSEL-COLOVIC
Juan_Jose_TORIBIO Juan-Jose_TORIBIO
MARLENE Marlene_BFMTV_BFMStory_2012-07-27_175800
ROXANE Roxane_BFMTV_BFMStory_2012-11-08_175800
RAPHAEL Raphael_HAROCHE
MASKA Maska
Mathias_GURTLER Matthias_GURTLER
Pierre_BOUTRY Yves_BOUTRY
